"start","obj","grad","model"
"start00",1646.38091346126,0.000185947578996387,"A0"
"start04",1646.38091346126,2.42026071299102e-05,"A0"
"start05",1646.38091346126,5.58817915762226e-05,"A0"
"start16",1646.38091346126,0.000608984505282518,"A0"
"start03",1647.35726822527,7.62182097914374e-06,"A0"
"start18",1647.35726822527,0.00035152773427889,"A0"
"start11",1647.48960641097,4.62148913529516e-06,"A0"
"start02",1663.53461703421,1.24468069022558e-05,"A0"
"start07",1663.53461703421,2.86454173750841e-05,"A0"
"start10",1664.73396795722,2.12921275716546e-06,"A0"
"start14",1664.73396795722,1.43955339059579e-06,"A0"
"start17",1666.21046025774,0.000546659783775412,"A0"
"start13",1666.30883610579,2.6408958222104e-05,"A0"
"start06",1791.92127561116,0.00262060105635046,"A0"
"start19",2287.17651028507,0.000217931841538275,"A0"
"start15",2287.36451220122,0.00532912626367233,"A0"
"start08",2291.3375793082,0.00193960998470873,"A0"
"start20",2926.53260442346,0.00114287037112228,"A0"
"start09",2926.74037075195,6.23386204242664e-06,"A0"
"start12",3530.95720680452,8.7672001548666e-05,"A0"
"start01",4999.51782383461,0.00145093226389648,"A0"
"start18",2014.12998010481,8.57128519352991e-05,"S1_sexswap"
"start00",2016.86099972902,1.23574865124428e-05,"S1_sexswap"
"start02",2026.81391381902,9.2373602452147e-05,"S1_sexswap"
"start19",2028.55594525759,4.72886141915981e-05,"S1_sexswap"
"start16",2028.5559452576,7.6852715022469e-06,"S1_sexswap"
"start04",2060.52443623407,9.80542449894588e-05,"S1_sexswap"
"startWarm",2119.67598192528,0.000436997785487154,"S1_sexswap"
"start07",2247.97401885037,2.23644130379484e-07,"S1_sexswap"
"start05",2292.72990903705,1.62820851219935e-06,"S1_sexswap"
"start10",2292.72990903705,4.17021768712488e-05,"S1_sexswap"
"start14",2292.72990903705,2.08219231364323e-05,"S1_sexswap"
"start03",2459.90162700265,1.93853114589716e-05,"S1_sexswap"
"start17",2461.13922575221,7.15606855014794e-05,"S1_sexswap"
"start01",2469.55690242773,1.5070007951308e-05,"S1_sexswap"
"start20",2469.83296752351,3.78818336641999e-05,"S1_sexswap"
"start09",2471.02407424559,1.29713933767761e-06,"S1_sexswap"
"start11",2504.60149487054,4.54424995827229e-05,"S1_sexswap"
"start15",2684.88229291461,0.000188093038752351,"S1_sexswap"
"start08",3613.72382451131,1.58003330321369e-05,"S1_sexswap"
"start13",4277.4197617318,3.46893465645739e-05,"S1_sexswap"
"start12",5450.9553832375,2.91285125898155e-05,"S1_sexswap"
"start06",5450.95538323783,0.000304304023421322,"S1_sexswap"
"start11",1664.04476722264,0.000109321430766236,"S2_mwswap"
"start19",1664.04476722264,9.44777433202828e-05,"S2_mwswap"
"start07",1664.13165393883,9.59415332182682e-05,"S2_mwswap"
"start10",1664.13165393883,0.000410753020937527,"S2_mwswap"
"start12",1665.10042603591,0.000825106218264056,"S2_mwswap"
"start16",1665.10042603591,3.73046272345237e-06,"S2_mwswap"
"startWarm",1665.18298427665,2.00067453305852e-05,"S2_mwswap"
"start02",1665.18298427665,4.73063791230195e-05,"S2_mwswap"
"start05",1665.18298427665,1.52668540924778e-06,"S2_mwswap"
"start06",1665.18298427665,2.69579948475597e-05,"S2_mwswap"
"start17",1681.3562692042,5.21576095264878e-06,"S2_mwswap"
"start01",1681.40803258121,1.68506964783722e-05,"S2_mwswap"
"start04",1681.40803258121,1.78369842151363e-05,"S2_mwswap"
"start14",1684.22252739718,3.5470258997716e-05,"S2_mwswap"
"start13",1707.51278223573,4.93909465777241e-05,"S2_mwswap"
"start09",1809.0610039332,0.00021361084697591,"S2_mwswap"
"start18",2303.62829697532,0.000241061648401782,"S2_mwswap"
"start00",2309.13839309425,1.79657134144253e-05,"S2_mwswap"
"start08",2942.17028478331,0.000222039632928442,"S2_mwswap"
"start03",2943.19783026121,0.000172647749135611,"S2_mwswap"
"start15",2945.74502868525,3.67501228273769e-06,"S2_mwswap"
"start20",5535.06756405721,0.000135125814005968,"S2_mwswap"
"start00",1852.15716756087,2.81244925293126e-07,"D1_commonsel"
"start01",1852.15716756087,1.91187713959942e-05,"D1_commonsel"
"start02",1852.15716756087,2.25590017495361e-07,"D1_commonsel"
"start04",1852.15716756087,3.16158682419336e-05,"D1_commonsel"
"start05",1852.15716756087,3.6697999749153e-05,"D1_commonsel"
"start06",1852.15716756087,2.62680125848958e-07,"D1_commonsel"
"start07",1852.15716756087,5.14507097043604e-07,"D1_commonsel"
"start12",1852.15716756087,3.80955709334656e-07,"D1_commonsel"
"start17",1852.15716756087,3.25893667479195e-07,"D1_commonsel"
"start19",1852.15716756087,3.05591607718375e-07,"D1_commonsel"
"start20",1852.15716756087,3.13137716783241e-07,"D1_commonsel"
"start03",1852.98770376381,3.18505111868292e-07,"D1_commonsel"
"start08",1852.98770376381,1.89164137286651e-07,"D1_commonsel"
"start09",1852.98770376381,1.70320444972463e-05,"D1_commonsel"
"start10",1852.98770376381,3.30997409118092e-07,"D1_commonsel"
"start11",1852.98770376381,4.65352904987482e-06,"D1_commonsel"
"start13",1852.98770376381,1.08945003301562e-05,"D1_commonsel"
"start15",1852.98770376381,2.99041399915403e-06,"D1_commonsel"
"start16",1852.98770376381,1.05375131058778e-06,"D1_commonsel"
"start18",1852.98770376381,1.28646017819126e-05,"D1_commonsel"
"start14",1853.54590664027,9.70778791878625e-05,"D1_commonsel"
"start12",1434.23245723255,0.000783619998747245,"D2_nodiscardlen"
"start02",1434.71591471342,4.50020016487489e-05,"D2_nodiscardlen"
"start17",1434.71591471342,7.16479352863422e-06,"D2_nodiscardlen"
"start19",1434.71591471342,1.86434609900356e-05,"D2_nodiscardlen"
"startWarm",1434.99087618833,0.000266901491561143,"D2_nodiscardlen"
"start04",1434.99087618833,2.65775354870605e-06,"D2_nodiscardlen"
"start14",1434.99087618833,0.000861292951532284,"D2_nodiscardlen"
"start05",1437.87522409485,3.01698775854602e-06,"D2_nodiscardlen"
"start11",1437.87522409485,9.48235807087506e-06,"D2_nodiscardlen"
"start16",1437.87522409485,5.34217963728041e-05,"D2_nodiscardlen"
"start06",1450.26188470003,8.28401330619301e-06,"D2_nodiscardlen"
"start07",1450.76285563681,2.54984771127448e-05,"D2_nodiscardlen"
"start10",1450.76285563681,1.6745565794688e-07,"D2_nodiscardlen"
"start20",1451.83630707808,3.41814253169201e-05,"D2_nodiscardlen"
"start13",1475.20561699433,8.45889368672204e-05,"D2_nodiscardlen"
"start03",1580.52560127819,2.36791080126859e-05,"D2_nodiscardlen"
"start18",1580.52560127819,8.14855741146997e-05,"D2_nodiscardlen"
"start09",1596.17311690851,9.61155423240695e-07,"D2_nodiscardlen"
"start01",1814.50460954605,5721.44740548062,"D2_nodiscardlen"
"start00",2071.5549093256,0.000332501243744065,"D2_nodiscardlen"
"start15",2708.34723687739,9.54868230135507e-06,"D2_nodiscardlen"
"start08",3390.83693207124,0.00011928863268805,"D2_nodiscardlen"
"start06",1513.81477790603,0.000169902568224672,"D3_recdev"
"start10",1515.20676817681,5.68838839429833e-05,"D3_recdev"
"start13",1515.20676817681,6.06075408907738e-05,"D3_recdev"
"start20",1515.20676817683,0.0008482276771861,"D3_recdev"
"start11",1515.20676817684,0.000209327300753018,"D3_recdev"
"start14",1515.20676817684,0.000834498238819547,"D3_recdev"
"start05",1532.20062781165,0.000297835090462543,"D3_recdev"
"start04",1532.20062781166,9.78642685335728e-05,"D3_recdev"
"start01",1532.20062781171,0.000878066468590975,"D3_recdev"
"start18",1533.61770854805,7.36784005898541e-05,"D3_recdev"
"start02",1533.61770854807,9.82320463377999e-05,"D3_recdev"
"start16",1533.61770854807,9.87459909302547e-05,"D3_recdev"
"start07",1548.41569056173,6.58706324530905e-05,"D3_recdev"
"start12",1657.35188986759,9.02702415295945e-05,"D3_recdev"
"start08",1657.37306189874,2.79121779615688e-05,"D3_recdev"
"start19",1667.92574664982,6.17281630754114e-05,"D3_recdev"
"start09",2145.78248838266,5.01767178349566e-05,"D3_recdev"
"start00",2147.14267273491,0.0032030340551716,"D3_recdev"
"start17",2148.98832664594,9.66769643871503e-05,"D3_recdev"
"start03",3465.28224796592,0.000116891312550581,"D3_recdev"
"start15",3466.06831581985,0.000131569827365821,"D3_recdev"
